5.231189727696818892e+00,1.176756183960872804e+01,6.953373299947642749e+00,3.194754940315535641e-01,2.547151251106460901e-01,2.803467899098206484e-01,1.993178767484076602e-02
5.454837334834515872e+01,4.056087781933427294e+01,4.936205412185363173e+01,4.876253200708381419e-01,3.525359491422170866e-01,4.118071238839095538e-01,2.317190353674130066e-01
5.502854378374706812e+01,5.306589000338125572e+01,5.315329099545681402e+01,5.559570318149632540e-01,4.367864225824331648e-01,4.956069050709071555e-01,2.614137034362459255e-01
5.647183312680039080e+01,4.657558777772223380e+01,4.932674093274731320e+01,5.278250875263917896e-01,4.525276603980407653e-01,4.914554010401482320e-01,2.308247384548975378e-01
5.185538598714393288e+01,4.355274839501333162e+01,4.571148949806023865e+01,5.441116068141179651e-01,4.241075695766967080e-01,4.657356620394563218e-01,1.975034555205428255e-01
5.415821015978666964e+01,4.474092219421676475e+01,4.894864091686491037e+01,5.813456946039304851e-01,3.901927783273219097e-01,4.440649580381232364e-01,1.944640013399446254e-01
5.212697284757292948e+01,4.220755081558916544e+01,4.657735625686041914e+01,5.572698359176854188e-01,3.880417012206891503e-01,4.331125913125394855e-01,1.688462169830274306e-01
5.165470218872614794e+01,4.070224219364241947e+01,4.457098384591323281e+01,5.166034215464931911e-01,4.152565197093656124e-01,4.425616961778344183e-01,1.516427323555206708e-01
5.393997441015691408e+01,4.159564313755898723e+01,4.614420309162515821e+01,5.138955078068430105e-01,4.201872540111682430e-01,4.467834885976020853e-01,1.533048147837120234e-01
5.317929543571533912e+01,4.011290378916375232e+01,4.571398441087015385e+01,5.176415281832684734e-01,4.011175959033175253e-01,4.453761070747474515e-01,1.460804683666985793e-01
5.152575864588554566e+01,3.857253050331240019e+01,4.442268512761900467e+01,5.040794277127912393e-01,4.082322324681102454e-01,4.754828686869962406e-01,1.402222026212235906e-01
5.224870793062757457e+01,3.986498957038706692e+01,4.560929328796707694e+01,4.918182737204980781e-01,4.263031701383113159e-01,5.030002611046645589e-01,1.470311202915775273e-01
5.284402299237544298e+01,4.095027699278477229e+01,4.687837189408980265e+01,4.854675435250326299e-01,4.062485678531772559e-01,4.627033430707127026e-01,1.465980306330820493e-01
5.282696961259444635e+01,4.035821263250756630e+01,4.678873773738064301e+01,4.692863150325559674e-01,3.755683271515666832e-01,3.983902368095734725e-01,1.377140845301811078e-01
5.355786519392506762e+01,3.919126467709644857e+01,4.646524080251805344e+01,4.398631417899800944e-01,3.811242395147282358e-01,3.918533564392301383e-01,1.365877241097110117e-01
5.377385138632835293e+01,3.770491113866577138e+01,4.602001300365986225e+01,4.163614250898097224e-01,3.948446821361707437e-01,4.121074511327043610e-01,1.416885755297525307e-01
5.272725720228866919e+01,3.677981407992561458e+01,4.574631894165250401e+01,4.170798530990943442e-01,3.747849725961450162e-01,3.896008569869995886e-01,1.453600728681682941e-01
5.178609781556411917e+01,3.710685083663769745e+01,4.602753209212386309e+01,4.304149220471850668e-01,3.467544679959204124e-01,3.592954363628739767e-01,1.469855757575691535e-01
5.186781074931569435e+01,3.751502357866264958e+01,4.612678249014344800e+01,4.307557172684511881e-01,3.529795203995562125e-01,3.844478257144949840e-01,1.457480366309371334e-01
5.266427965126574406e+01,3.728344997309442732e+01,4.600395715336368596e+01,4.189696163148659003e-01,3.754913138602374856e-01,4.192823494931877670e-01,1.438028766065803654e-01
5.341019143782600764e+01,3.686898991585281493e+01,4.643829437233774371e+01,4.156573147070227736e-01,3.738344239915316058e-01,3.921504130603654104e-01,1.467900925304571058e-01
5.364573687471428798e+01,3.625027841675493079e+01,4.703705668378262317e+01,4.253549130162386782e-01,3.547649840919674391e-01,3.466182400258308594e-01,1.516517668814771347e-01
5.347540001067191184e+01,3.523014169234807014e+01,4.689598996110907336e+01,4.347839533836119763e-01,3.446989352801119177e-01,3.584213619898341530e-01,1.495701250939422966e-01
5.314362741561892278e+01,3.406730520353539049e+01,4.627595411320376684e+01,4.300954795067166159e-01,3.368782920009086301e-01,3.924933766355052089e-01,1.421768552797652296e-01
5.298327227868138323e+01,3.293984954472724525e+01,4.600411927431094483e+01,4.088868733194293004e-01,3.191650530694978283e-01,3.779786642877929204e-01,1.383267091146015426e-01
5.336166006142282470e+01,3.208052842329835386e+01,4.633059343407082764e+01,3.946421036351867029e-01,3.101544001260947980e-01,3.437478026728443825e-01,1.383946216040196076e-01
5.405837829305413322e+01,3.182491955300401187e+01,4.690772884458548475e+01,4.134664967050305506e-01,3.250107343479843314e-01,3.505688289200430963e-01,1.366913853559855729e-01
5.431933165335674119e+01,3.178677514087813094e+01,4.697058913899535071e+01,4.397979216222598908e-01,3.423402424044389436e-01,3.702142645191917047e-01,1.325787358234644941e-01
5.381510521463099650e+01,3.115827468178568793e+01,4.590314894861774775e+01,4.260989129396398067e-01,3.378449172591876382e-01,3.538547146156925116e-01,1.296969445008795963e-01
5.321447803875750537e+01,2.994591932751974284e+01,4.439577987709864715e+01,3.902817857493069420e-01,3.242593717088393945e-01,3.390665703432894640e-01,1.321216344365615802e-01
5.340019109128562036e+01,2.886283415563605459e+01,4.393206325607567919e+01,3.859289885022000877e-01,3.265631855621888291e-01,3.722473162900978849e-01,1.407276567849199411e-01
5.407580040266993393e+01,2.833005874005093006e+01,4.466420158069720969e+01,4.027321975548701083e-01,3.373473119116708885e-01,4.018052537669488666e-01,1.461015265147465325e-01
5.422135266043692781e+01,2.822746219534271006e+01,4.545307777666395310e+01,3.946830979138477580e-01,3.346339536528212255e-01,3.643938036704780781e-01,1.373880419475957959e-01
5.391917627550235181e+01,2.807001965408650435e+01,4.579857140496577017e+01,3.693719230862705927e-01,3.251813868807341690e-01,3.099009547033366729e-01,1.231514486005487047e-01
5.390108753540955888e+01,2.734229327771570084e+01,4.580462424415899392e+01,3.622641954894959548e-01,3.268972453800073619e-01,3.183644981592124723e-01,1.214389615965681124e-01
5.377414710080075366e+01,2.624883898364434742e+01,4.516402355495183940e+01,3.736031960016178433e-01,3.308133102153516525e-01,3.536917914657632944e-01,1.294359621484265088e-01
5.289986380532707244e+01,2.552030764030197219e+01,4.386763419445713197e+01,3.871745850767942532e-01,3.214394496696132419e-01,3.363724070155703627e-01,1.315975049927909923e-01
5.209525256166398322e+01,2.510721269301664549e+01,4.277479880529135414e+01,3.960726076564219933e-01,3.089160099169190876e-01,2.972029892865702405e-01,1.300772305883230728e-01
5.240736737538937717e+01,2.436335302151421089e+01,4.259903348128057843e+01,3.898069747011831954e-01,3.083203036662107155e-01,3.093605369114229564e-01,1.357610963350104338e-01
5.326258337795626829e+01,2.346108247506300515e+01,4.321188373435280283e+01,3.641398178415785614e-01,3.119190676615313795e-01,3.425708774921988331e-01,1.431871359538778865e-01
5.345958874130134575e+01,2.301712139314353678e+01,4.402435255803155201e+01,3.372510806402204686e-01,3.061630151879439765e-01,3.331052031380466460e-01,1.422935327638671088e-01
5.299697531198329870e+01,2.285109793839805903e+01,4.448967757745799645e+01,3.279465611561372396e-01,2.961975096425943366e-01,3.126956386016294109e-01,1.378953612553293073e-01
5.262683324099371873e+01,2.250730421522677460e+01,4.432375702932147021e+01,3.354204626930227806e-01,2.950049336814883350e-01,3.352830776455577588e-01,1.377612315108139862e-01
5.254408958811485064e+01,2.214581543198771740e+01,4.359326000959205771e+01,3.451764519765347372e-01,3.035691316921111382e-01,3.646996449584058997e-01,1.386433534681552893e-01
5.252271297993370780e+01,2.195223954089600937e+01,4.275644294496725450e+01,3.426638363106606078e-01,3.150635394730629812e-01,3.472592329758544261e-01,1.369968463054032914e-01
5.243310723085154024e+01,2.153976309920112797e+01,4.239808373005432429e+01,3.307561570458458777e-01,3.243639869673902720e-01,3.152400489428170416e-01,1.388967902160633816e-01
5.218372346101170223e+01,2.061972481656080447e+01,4.267094737671693139e+01,3.267349781530630159e-01,3.257777122540241876e-01,3.225985919190250129e-01,1.475395301812521265e-01
5.198906747192353350e+01,1.966155508161426724e+01,4.311695677836434726e+01,3.312899005693893950e-01,3.159159118155132062e-01,3.457784605172311010e-01,1.512464884928585995e-01
5.226744189279810371e+01,1.930013247330047577e+01,4.320263587540294736e+01,3.275621603076818711e-01,3.022797063394244699e-01,3.341293413507976373e-01,1.401118552180437571e-01
5.267178242011195266e+01,1.944075564065778039e+01,4.299119434295275965e+01,3.125796898058634254e-01,2.983093946942825259e-01,3.009718636934665681e-01,1.278536654262075467e-01
5.245854349912686843e+01,1.956762182239190295e+01,4.295415702063770880e+01,2.985716584403475538e-01,3.072157981184824305e-01,2.892236312712778701e-01,1.332117289152792983e-01
5.197089518860762780e+01,1.960134156980861775e+01,4.311229441910115412e+01,2.948096012305488900e-01,3.142007959317791865e-01,3.003389735963508111e-01,1.456731407896646457e-01
5.206686165539524325e+01,1.973455241428354157e+01,4.311442990848859580e+01,3.044950363602511589e-01,3.037176461457228860e-01,3.135561408986919929e-01,1.424316177007506623e-01
5.245223004463841221e+01,1.987101690513779673e+01,4.305929827368216678e+01,3.197373722184870815e-01,2.864238340218732692e-01,3.228106333186740451e-01,1.302070552934420644e-01
5.239010300260380859e+01,1.996760984088499669e+01,4.323011304682777478e+01,3.270666281350430027e-01,2.862082940990694491e-01,3.268443751114357698e-01,1.301513782252990969e-01
5.229783351046241080e+01,2.039611813154463960e+01,4.338367533414292154e+01,3.334836216825651234e-01,2.991406187722652765e-01,3.288479148645858663e-01,1.365469897698279866e-01
5.288112151438735253e+01,2.129461558507689389e+01,4.319009003261929536e+01,3.551268440215303301e-01,3.019886198699742175e-01,3.384311435718409533e-01,1.331337087631947746e-01
5.359941630506180843e+01,2.206022412162463553e+01,4.285472935313332243e+01,3.758992450523853668e-01,2.946797057306997369e-01,3.441891096661182092e-01,1.285462950516358949e-01
5.361732243333447201e+01,2.219636902610496776e+01,4.278856611318727943e+01,3.657628862117129342e-01,2.929941075507792037e-01,3.283530562980692680e-01,1.357339897868683753e-01
5.334383314651649499e+01,2.228689984467834861e+01,4.310892331309317171e+01,3.340917027139490569e-01,2.974427834085248690e-01,3.175249546086029717e-01,1.413321362771226830e-01
5.351292166007883822e+01,2.305125130192217497e+01,4.358042007470248080e+01,3.157212399073990317e-01,3.027889975799625821e-01,3.437944619840544447e-01,1.300652809511596009e-01
5.369968765003476818e+01,2.375539341879984789e+01,4.377022724393460607e+01,3.210103984963582069e-01,3.124181744731844845e-01,3.667497529683958479e-01,1.164492919184474534e-01
5.333551191276330172e+01,2.338112011034830573e+01,4.357290357988716067e+01,3.374288540177507456e-01,3.240319065786955721e-01,3.361151773907887219e-01,1.213682700361871231e-01
5.322827742392551897e+01,2.295493808137930714e+01,4.372329895480752526e+01,3.525922141923798492e-01,3.250503903726305599e-01,3.047979335846571769e-01,1.358513893053892307e-01
5.419875121819010388e+01,2.404546503705069682e+01,4.477369883436235654e+01,3.546204756083251586e-01,3.100019120702890985e-01,3.485119178940309648e-01,1.385833032602777626e-01
5.509571683115918006e+01,2.561534260848174682e+01,4.549634943183738045e+01,3.414053456338861370e-01,2.895098117376832536e-01,4.112949330884865806e-01,1.328364770833400654e-01
5.442555059435435538e+01,2.565368136767547469e+01,4.438734199680634163e+01,3.320155108567773850e-01,2.797445173826759723e-01,3.925986682644658776e-01,1.345895152052100363e-01
5.311570471091621215e+01,2.487435145632760580e+01,4.276052978809894967e+01,3.443272336010352319e-01,2.860249659634019892e-01,3.366618840142899804e-01,1.417545383505561252e-01
5.299869284797664903e+01,2.525413474115453738e+01,4.324643647091593124e+01,3.705912841017486303e-01,2.990845187643417780e-01,3.502958942844603962e-01,1.439587749422685525e-01
5.356179772435218212e+01,2.639456860764421364e+01,4.552764311171755196e+01,3.838202211266885100e-01,3.061126006906358388e-01,4.038546233153643694e-01,1.430925993613059999e-01
5.330041227804857584e+01,2.667462702113251183e+01,4.706270094930280123e+01,3.655967768328360901e-01,3.028328505634727552e-01,4.041686869988688757e-01,1.446871975786036546e-01
5.293013497089268782e+01,2.614531929535401389e+01,4.692651174872339226e+01,3.360883987254936756e-01,2.993363455130242379e-01,3.708023829555687212e-01,1.485034898991309249e-01
5.382621995876531429e+01,2.564522698777251719e+01,4.587597125288888122e+01,3.352995371434062677e-01,3.081668061207524789e-01,3.700985293383350361e-01,1.540086075033884616e-01
5.493923057159920376e+01,2.514072351882941803e+01,4.465933443008363923e+01,3.608947441847231707e-01,3.198424766646032480e-01,3.848016801176041279e-01,1.589406973136921197e-01
5.461418234174529118e+01,2.456838347247660437e+01,4.400831318813737170e+01,3.730580321455523318e-01,3.146170866178307213e-01,3.771515360483360113e-01,1.566231677318851989e-01
5.366407317729079551e+01,2.440163968609432388e+01,4.394854717268010802e+01,3.611449905570925933e-01,3.023485595007087134e-01,3.713476428927482420e-01,1.450605972240054942e-01
5.372942999622468108e+01,2.483676137671927719e+01,4.338190657491441726e+01,3.458557470941159839e-01,3.078517312346255586e-01,3.939855053415142194e-01,1.311424640738046987e-01
5.442165151855282801e+01,2.570253035728697100e+01,4.212235646435493663e+01,3.391536099222329237e-01,3.224268855049737259e-01,4.233118311824154434e-01,1.228190226466140539e-01
5.450990386605077020e+01,2.675280695601826508e+01,4.126120153677412361e+01,3.476308520496201870e-01,3.215330856986746144e-01,4.373492743185938836e-01,1.216162548280412259e-01
5.418457683425546634e+01,2.740607213085415239e+01,4.095115617990226298e+01,3.740496481460539036e-01,3.135371103649699509e-01,4.488947494969076635e-01,1.205770625006436503e-01
5.417726467002972868e+01,2.711561041414114115e+01,4.051016035330359699e+01,3.980034409435805887e-01,3.233717108880495572e-01,4.703989592964669120e-01,1.140445925122402643e-01
5.427085855195716846e+01,2.625028767561968834e+01,4.001249362243118668e+01,3.945567934478996230e-01,3.509821571189294387e-01,4.833750118221390446e-01,1.124963099424746843e-01
5.412892031249037927e+01,2.573146292908094068e+01,3.981264675590008295e+01,3.705842410864169101e-01,3.761662179856666843e-01,4.695704818492792976e-01,1.276732146660607692e-01
5.410957016897251748e+01,2.586039302264548922e+01,3.984787000763093090e+01,3.637869597509009179e-01,3.793508354329822030e-01,4.506344288513889351e-01,1.421915772773062470e-01
5.432873020636101558e+01,2.624413740702602027e+01,4.001383381342110113e+01,3.992856626138825415e-01,3.535889325802572536e-01,4.587941882690660944e-01,1.317855283959101786e-01
5.417058218871815711e+01,2.659316015447231152e+01,4.003414929257714761e+01,4.429322565143187229e-01,3.221423783700625432e-01,4.837053953765465542e-01,1.137246527754016134e-01
5.347756167915976988e+01,2.705092372992012528e+01,3.957705875190445965e+01,4.389817222989031431e-01,3.212197352036956222e-01,4.935668331668475184e-01,1.205791701172822111e-01
5.333327309090036294e+01,2.804132049083236211e+01,3.910057476953993927e+01,4.048609565910505359e-01,3.448707864436135750e-01,4.885527513596986116e-01,1.384828872032484726e-01
5.440979337310003672e+01,2.952779253635480217e+01,3.919696050562372136e+01,4.034160621002410574e-01,3.530979213950570794e-01,4.854178997822294894e-01,1.342382979784060570e-01
5.510624801103203652e+01,3.018227439749183816e+01,3.921542281789418638e+01,4.280176573399124829e-01,3.387114139398741952e-01,4.783323223968892757e-01,1.215259875280660790e-01
5.386662645803495053e+01,2.916181482844550743e+01,3.867993680046411953e+01,4.297110087532348133e-01,3.272971273088286503e-01,4.625864344857625876e-01,1.337135140824163848e-01
5.275039240180075240e+01,2.875306894775600597e+01,3.928941839982387307e+01,4.208174345338449585e-01,3.295778101864260123e-01,4.627057092462088517e-01,1.607650906807283342e-01
5.412377198731343242e+01,3.113017364773679674e+01,4.185615462390483543e+01,4.370533821715103517e-01,3.479162232125130316e-01,4.892839780024392238e-01,1.739450430943441650e-01
5.509052185555680126e+01,3.313933894458904916e+01,4.261819483694412725e+01,4.594735322151214385e-01,3.922801441726898042e-01,5.029805012437803535e-01,1.782235629773256114e-01
5.288093719252368885e+01,3.158119822672500732e+01,3.918213111104019220e+01,4.647359865511259125e-01,4.519376095524828552e-01,4.836455707157924500e-01,1.934962226235045490e-01
5.311079658499709666e+01,3.161498735390028259e+01,3.795879573450159228e+01,4.794555158098821046e-01,4.872052540401733967e-01,4.994288239418820385e-01,2.188859341463733899e-01
5.974124793622606688e+01,3.750041284654285079e+01,4.348987791964073324e+01,5.109280156176337906e-01,4.663777915277660946e-01,5.909848027506725554e-01,2.393423903912444972e-01
5.965348239732195168e+01,3.836879684340703989e+01,4.335764283637352889e+01,4.892483053069928700e-01,3.953258404749400157e-01,6.201063416685491658e-01,2.304892988442883706e-01
3.664272382275093776e+01,2.300296592125166484e+01,2.485844339655287172e+01,3.684824953681119508e-01,3.122375481257850249e-01,4.479592540324575656e-01,1.549726380509727774e-01
4.054412754957930076e+00,5.191870119550898721e+00,3.815053838694121513e+00,2.478661461429785273e-01,2.599454194974564758e-01,2.392326559715573786e-01,2.542945614489100156e-02
